figure,series,x,y,unit
execution_time,PyTorch baseline,100000,10.500000,ms
execution_time,PyTorch baseline,1000000,137.400000,ms
peak_vram,PyTorch baseline,100000,505623347,bytes
peak_vram,PyTorch baseline,1000000,5057323991,bytes
execution_time,PyTorch baseline,5000000,,OOM
execution_time,PyTorch baseline,10000000,,OOM
execution_time,PyTorch baseline,50000000,,OOM
execution_time,Phase 3 (Triton + dW),100000,8.200000,ms
execution_time,Phase 3 (Triton + dW),1000000,76.800000,ms
peak_vram,Phase 3 (Triton + dW),100000,405169766,bytes
peak_vram,Phase 3 (Triton + dW),1000000,4058744094,bytes
execution_time,Phase 3 (Triton + dW),5000000,,OOM
execution_time,Phase 3 (Triton + dW),10000000,,OOM
execution_time,Phase 3 (Triton + dW),50000000,,OOM
execution_time,Phase 4 (in-kernel Philox),100000,9.800000,ms
execution_time,Phase 4 (in-kernel Philox),1000000,82.600000,ms
execution_time,Phase 4 (in-kernel Philox),5000000,408.700000,ms
peak_vram,Phase 4 (in-kernel Philox),100000,304401612,bytes
peak_vram,Phase 4 (in-kernel Philox),1000000,3049426780,bytes
peak_vram,Phase 4 (in-kernel Philox),5000000,15193446809,bytes
execution_time,Phase 4 (in-kernel Philox),10000000,,OOM
execution_time,Phase 4 (in-kernel Philox),50000000,,OOM
execution_time,Phase 5 (fused reduction),100000,4.000000,ms
execution_time,Phase 5 (fused reduction),1000000,17.200000,ms
execution_time,Phase 5 (fused reduction),5000000,87.100000,ms
execution_time,Phase 5 (fused reduction),10000000,171.900000,ms
execution_time,Phase 5 (fused reduction),50000000,864.600000,ms
peak_vram,Phase 5 (fused reduction),100000,3145728,bytes
peak_vram,Phase 5 (fused reduction),1000000,4508876,bytes
peak_vram,Phase 5 (fused reduction),5000000,4508876,bytes
peak_vram,Phase 5 (fused reduction),10000000,4508876,bytes
peak_vram,Phase 5 (fused reduction),50000000,4508876,bytes
exposure,ee_uncollateralized,0.000000,0.00000000,exposure
exposure,ee_uncollateralized,0.052083,2.02064174,exposure
exposure,ee_uncollateralized,0.104167,2.92496288,exposure
exposure,ee_uncollateralized,0.156250,3.62346773,exposure
exposure,ee_uncollateralized,0.208333,4.24521929,exposure
exposure,ee_uncollateralized,0.260417,4.77199980,exposure
exposure,ee_uncollateralized,0.312500,5.25313881,exposure
exposure,ee_uncollateralized,0.364583,5.74285031,exposure
exposure,ee_uncollateralized,0.416667,6.18886939,exposure
exposure,ee_uncollateralized,0.468750,6.66199166,exposure
exposure,ee_uncollateralized,0.520833,7.05373321,exposure
exposure,ee_uncollateralized,0.572917,7.43579682,exposure
exposure,ee_uncollateralized,0.625000,7.79046123,exposure
exposure,ee_uncollateralized,0.677083,8.16479309,exposure
exposure,ee_uncollateralized,0.729167,8.51762120,exposure
exposure,ee_uncollateralized,0.781250,8.86738640,exposure
exposure,ee_uncollateralized,0.833333,9.16338359,exposure
exposure,ee_uncollateralized,0.885417,9.52632326,exposure
exposure,ee_uncollateralized,0.937500,9.86417345,exposure
exposure,ee_uncollateralized,0.989583,10.21275510,exposure
exposure,ee_uncollateralized,1.041667,10.55914305,exposure
exposure,ee_uncollateralized,1.093750,10.90286475,exposure
exposure,ee_uncollateralized,1.145833,11.19657961,exposure
exposure,ee_uncollateralized,1.197917,11.53043176,exposure
exposure,ee_uncollateralized,1.250000,11.82970383,exposure
exposure,ee_uncollateralized,1.302083,12.10761318,exposure
exposure,ee_uncollateralized,1.354167,12.49936504,exposure
exposure,ee_uncollateralized,1.406250,12.75444536,exposure
exposure,ee_uncollateralized,1.458333,13.03464444,exposure
exposure,ee_uncollateralized,1.510417,13.33299534,exposure
exposure,ee_uncollateralized,1.562500,13.65656511,exposure
exposure,ee_uncollateralized,1.614583,13.91156016,exposure
exposure,ee_uncollateralized,1.666667,14.22768895,exposure
exposure,ee_uncollateralized,1.718750,14.57101639,exposure
exposure,ee_uncollateralized,1.770833,14.84984940,exposure
exposure,ee_uncollateralized,1.822917,15.17324197,exposure
exposure,ee_uncollateralized,1.875000,15.35572552,exposure
exposure,ee_uncollateralized,1.927083,15.61302467,exposure
exposure,ee_uncollateralized,1.979167,15.86723964,exposure
exposure,ee_uncollateralized,2.031250,16.21143574,exposure
exposure,ee_uncollateralized,2.083333,16.46132947,exposure
exposure,ee_uncollateralized,2.135417,16.71644728,exposure
exposure,ee_uncollateralized,2.187500,16.98021337,exposure
exposure,ee_uncollateralized,2.239583,17.24939060,exposure
exposure,ee_uncollateralized,2.291667,17.43517360,exposure
exposure,ee_uncollateralized,2.343750,17.72286124,exposure
exposure,ee_uncollateralized,2.395833,18.03087241,exposure
exposure,ee_uncollateralized,2.447917,18.32653131,exposure
exposure,ee_uncollateralized,2.500000,18.63463303,exposure
exposure,ee_uncollateralized,2.552083,18.99129704,exposure
exposure,ee_uncollateralized,2.604167,19.26684183,exposure
exposure,ee_uncollateralized,2.656250,19.60890952,exposure
exposure,ee_uncollateralized,2.708333,19.85331442,exposure
exposure,ee_uncollateralized,2.760417,20.10263437,exposure
exposure,ee_uncollateralized,2.812500,20.41940776,exposure
exposure,ee_uncollateralized,2.864583,20.70525187,exposure
exposure,ee_uncollateralized,2.916667,20.95122514,exposure
exposure,ee_uncollateralized,2.968750,21.22318414,exposure
exposure,ee_uncollateralized,3.020833,21.46597298,exposure
exposure,ee_uncollateralized,3.072917,21.70811758,exposure
exposure,ee_uncollateralized,3.125000,21.99434567,exposure
exposure,ee_uncollateralized,3.177083,22.32274969,exposure
exposure,ee_uncollateralized,3.229167,22.63920975,exposure
exposure,ee_uncollateralized,3.281250,22.87543529,exposure
exposure,ee_uncollateralized,3.333333,23.10817178,exposure
exposure,ee_uncollateralized,3.385417,23.42181111,exposure
exposure,ee_uncollateralized,3.437500,23.76133407,exposure
exposure,ee_uncollateralized,3.489583,24.00862183,exposure
exposure,ee_uncollateralized,3.541667,24.28037761,exposure
exposure,ee_uncollateralized,3.593750,24.59720128,exposure
exposure,ee_uncollateralized,3.645833,24.92060302,exposure
exposure,ee_uncollateralized,3.697917,25.19737706,exposure
exposure,ee_uncollateralized,3.750000,25.51504901,exposure
exposure,ee_uncollateralized,3.802083,25.84492491,exposure
exposure,ee_uncollateralized,3.854167,26.13257932,exposure
exposure,ee_uncollateralized,3.906250,26.33908591,exposure
exposure,ee_uncollateralized,3.958333,26.65225437,exposure
exposure,ee_uncollateralized,4.010417,26.97285869,exposure
exposure,ee_uncollateralized,4.062500,27.23190501,exposure
exposure,ee_uncollateralized,4.114583,27.50767729,exposure
exposure,ee_uncollateralized,4.166667,27.83219954,exposure
exposure,ee_uncollateralized,4.218750,28.13331959,exposure
exposure,ee_uncollateralized,4.270833,28.44265910,exposure
exposure,ee_uncollateralized,4.322917,28.71985618,exposure
exposure,ee_uncollateralized,4.375000,28.98808490,exposure
exposure,ee_uncollateralized,4.427083,29.37688778,exposure
exposure,ee_uncollateralized,4.479167,29.63941483,exposure
exposure,ee_uncollateralized,4.531250,29.94334795,exposure
exposure,ee_uncollateralized,4.583333,30.27802140,exposure
exposure,ee_uncollateralized,4.635417,30.64425149,exposure
exposure,ee_uncollateralized,4.687500,30.92235273,exposure
exposure,ee_uncollateralized,4.739583,31.15298651,exposure
exposure,ee_uncollateralized,4.791667,31.41401250,exposure
exposure,ee_uncollateralized,4.843750,31.68379304,exposure
exposure,ee_uncollateralized,4.895833,31.92234868,exposure
exposure,ee_uncollateralized,4.947917,32.24919572,exposure
exposure,ee_uncollateralized,5.000000,32.58294343,exposure
exposure,ee_collateralized,0.000000,0.00000000,exposure
exposure,ee_collateralized,0.052083,2.02064174,exposure
exposure,ee_collateralized,0.104167,2.55941871,exposure
exposure,ee_collateralized,0.156250,2.65879447,exposure
exposure,ee_collateralized,0.208333,2.73494719,exposure
exposure,ee_collateralized,0.260417,2.75416723,exposure
exposure,ee_collateralized,0.312500,2.77324733,exposure
exposure,ee_collateralized,0.364583,2.80649936,exposure
exposure,ee_collateralized,0.416667,2.81981088,exposure
exposure,ee_collateralized,0.468750,2.89184792,exposure
exposure,ee_collateralized,0.520833,2.85537899,exposure
exposure,ee_collateralized,0.572917,2.87204307,exposure
exposure,ee_collateralized,0.625000,2.86761623,exposure
exposure,ee_collateralized,0.677083,2.90819057,exposure
exposure,ee_collateralized,0.729167,2.90182126,exposure
exposure,ee_collateralized,0.781250,2.91733213,exposure
exposure,ee_collateralized,0.833333,2.88527989,exposure
exposure,ee_collateralized,0.885417,2.96457152,exposure
exposure,ee_collateralized,0.937500,2.95272763,exposure
exposure,ee_collateralized,0.989583,2.97361217,exposure
exposure,ee_collateralized,1.041667,2.99329359,exposure
exposure,ee_collateralized,1.093750,2.98905580,exposure
exposure,ee_collateralized,1.145833,2.98010508,exposure
exposure,ee_collateralized,1.197917,3.00372048,exposure
exposure,ee_collateralized,1.250000,2.98766215,exposure
exposure,ee_collateralized,1.302083,2.98154100,exposure
exposure,ee_collateralized,1.354167,3.09654926,exposure
exposure,ee_collateralized,1.406250,3.01850378,exposure
exposure,ee_collateralized,1.458333,3.03660026,exposure
exposure,ee_collateralized,1.510417,3.06087418,exposure
exposure,ee_collateralized,1.562500,3.09046517,exposure
exposure,ee_collateralized,1.614583,3.04625775,exposure
exposure,ee_collateralized,1.666667,3.10907126,exposure
exposure,ee_collateralized,1.718750,3.12917259,exposure
exposure,ee_collateralized,1.770833,3.09649851,exposure
exposure,ee_collateralized,1.822917,3.13339925,exposure
exposure,ee_collateralized,1.875000,3.04457460,exposure
exposure,ee_collateralized,1.927083,3.09035318,exposure
exposure,ee_collateralized,1.979167,3.09408181,exposure
exposure,ee_collateralized,2.031250,3.17741040,exposure
exposure,ee_collateralized,2.083333,3.10226885,exposure
exposure,ee_collateralized,2.135417,3.11938752,exposure
exposure,ee_collateralized,2.187500,3.13803156,exposure
exposure,ee_collateralized,2.239583,3.15206975,exposure
exposure,ee_collateralized,2.291667,3.09206810,exposure
exposure,ee_collateralized,2.343750,3.15815811,exposure
exposure,ee_collateralized,2.395833,3.20360518,exposure
exposure,ee_collateralized,2.447917,3.20252352,exposure
exposure,ee_collateralized,2.500000,3.19934492,exposure
exposure,ee_collateralized,2.552083,3.26840708,exposure
exposure,ee_collateralized,2.604167,3.20219506,exposure
exposure,ee_collateralized,2.656250,3.26061946,exposure
exposure,ee_collateralized,2.708333,3.21362920,exposure
exposure,ee_collateralized,2.760417,3.20241375,exposure
exposure,ee_collateralized,2.812500,3.27175924,exposure
exposure,ee_collateralized,2.864583,3.25512464,exposure
exposure,ee_collateralized,2.916667,3.21644758,exposure
exposure,ee_collateralized,2.968750,3.22610166,exposure
exposure,ee_collateralized,3.020833,3.22542499,exposure
exposure,ee_collateralized,3.072917,3.19916541,exposure
exposure,ee_collateralized,3.125000,3.27592326,exposure
exposure,ee_collateralized,3.177083,3.30014545,exposure
exposure,ee_collateralized,3.229167,3.28310197,exposure
exposure,ee_collateralized,3.281250,3.27413745,exposure
exposure,ee_collateralized,3.333333,3.25837429,exposure
exposure,ee_collateralized,3.385417,3.33224369,exposure
exposure,ee_collateralized,3.437500,3.35403812,exposure
exposure,ee_collateralized,3.489583,3.30924668,exposure
exposure,ee_collateralized,3.541667,3.32258835,exposure
exposure,ee_collateralized,3.593750,3.37474630,exposure
exposure,ee_collateralized,3.645833,3.38922836,exposure
exposure,ee_collateralized,3.697917,3.36344482,exposure
exposure,ee_collateralized,3.750000,3.38085257,exposure
exposure,ee_collateralized,3.802083,3.41963431,exposure
exposure,ee_collateralized,3.854167,3.39644463,exposure
exposure,ee_collateralized,3.906250,3.33266410,exposure
exposure,ee_collateralized,3.958333,3.41787246,exposure
exposure,ee_collateralized,4.010417,3.43348455,exposure
exposure,ee_collateralized,4.062500,3.40571849,exposure
exposure,ee_collateralized,4.114583,3.39449802,exposure
exposure,ee_collateralized,4.166667,3.49964515,exposure
exposure,ee_collateralized,4.218750,3.43647298,exposure
exposure,ee_collateralized,4.270833,3.47672159,exposure
exposure,ee_collateralized,4.322917,3.45065989,exposure
exposure,ee_collateralized,4.375000,3.44754106,exposure
exposure,ee_collateralized,4.427083,3.54530314,exposure
exposure,ee_collateralized,4.479167,3.48536062,exposure
exposure,ee_collateralized,4.531250,3.49148856,exposure
exposure,ee_collateralized,4.583333,3.53021137,exposure
exposure,ee_collateralized,4.635417,3.54725416,exposure
exposure,ee_collateralized,4.687500,3.49042830,exposure
exposure,ee_collateralized,4.739583,3.48821381,exposure
exposure,ee_collateralized,4.791667,3.54054987,exposure
exposure,ee_collateralized,4.843750,3.51843369,exposure
exposure,ee_collateralized,4.895833,3.50394620,exposure
exposure,ee_collateralized,4.947917,3.58411040,exposure
exposure,ee_collateralized,5.000000,3.59429539,exposure
exposure,pfe_uncollateralized,0.000000,0.00000000,exposure
exposure,pfe_uncollateralized,0.052083,8.42148442,exposure
exposure,pfe_uncollateralized,0.104167,12.21729893,exposure
exposure,pfe_uncollateralized,0.156250,15.13061969,exposure
exposure,pfe_uncollateralized,0.208333,17.82859479,exposure
exposure,pfe_uncollateralized,0.260417,20.01589124,exposure
exposure,pfe_uncollateralized,0.312500,22.35339487,exposure
exposure,pfe_uncollateralized,0.364583,24.46041999,exposure
exposure,pfe_uncollateralized,0.416667,26.58951175,exposure
exposure,pfe_uncollateralized,0.468750,28.26036057,exposure
exposure,pfe_uncollateralized,0.520833,29.91620754,exposure
exposure,pfe_uncollateralized,0.572917,31.86263588,exposure
exposure,pfe_uncollateralized,0.625000,33.38608042,exposure
exposure,pfe_uncollateralized,0.677083,35.13856082,exposure
exposure,pfe_uncollateralized,0.729167,36.72148452,exposure
exposure,pfe_uncollateralized,0.781250,37.86534420,exposure
exposure,pfe_uncollateralized,0.833333,39.15635508,exposure
exposure,pfe_uncollateralized,0.885417,40.99930949,exposure
exposure,pfe_uncollateralized,0.937500,42.70682317,exposure
exposure,pfe_uncollateralized,0.989583,44.05224008,exposure
exposure,pfe_uncollateralized,1.041667,45.21857586,exposure
exposure,pfe_uncollateralized,1.093750,47.21053705,exposure
exposure,pfe_uncollateralized,1.145833,48.42669255,exposure
exposure,pfe_uncollateralized,1.197917,49.43110037,exposure
exposure,pfe_uncollateralized,1.250000,50.39706657,exposure
exposure,pfe_uncollateralized,1.302083,52.68367855,exposure
exposure,pfe_uncollateralized,1.354167,53.91673576,exposure
exposure,pfe_uncollateralized,1.406250,55.04830972,exposure
exposure,pfe_uncollateralized,1.458333,56.60026351,exposure
exposure,pfe_uncollateralized,1.510417,57.77189902,exposure
exposure,pfe_uncollateralized,1.562500,59.56812007,exposure
exposure,pfe_uncollateralized,1.614583,60.29233960,exposure
exposure,pfe_uncollateralized,1.666667,61.19204902,exposure
exposure,pfe_uncollateralized,1.718750,62.55649925,exposure
exposure,pfe_uncollateralized,1.770833,64.12254334,exposure
exposure,pfe_uncollateralized,1.822917,65.41455395,exposure
exposure,pfe_uncollateralized,1.875000,66.55187142,exposure
exposure,pfe_uncollateralized,1.927083,67.39551086,exposure
exposure,pfe_uncollateralized,1.979167,68.94273849,exposure
exposure,pfe_uncollateralized,2.031250,70.34420251,exposure
exposure,pfe_uncollateralized,2.083333,71.44791262,exposure
exposure,pfe_uncollateralized,2.135417,73.76455476,exposure
exposure,pfe_uncollateralized,2.187500,74.10604643,exposure
exposure,pfe_uncollateralized,2.239583,76.23192113,exposure
exposure,pfe_uncollateralized,2.291667,76.29841004,exposure
exposure,pfe_uncollateralized,2.343750,78.18289786,exposure
exposure,pfe_uncollateralized,2.395833,78.83383692,exposure
exposure,pfe_uncollateralized,2.447917,80.89966603,exposure
exposure,pfe_uncollateralized,2.500000,82.62277793,exposure
exposure,pfe_uncollateralized,2.552083,84.68113498,exposure
exposure,pfe_uncollateralized,2.604167,85.91673791,exposure
exposure,pfe_uncollateralized,2.656250,87.53474520,exposure
exposure,pfe_uncollateralized,2.708333,88.63002281,exposure
exposure,pfe_uncollateralized,2.760417,89.66933340,exposure
exposure,pfe_uncollateralized,2.812500,90.39576251,exposure
exposure,pfe_uncollateralized,2.864583,93.51945444,exposure
exposure,pfe_uncollateralized,2.916667,94.22410601,exposure
exposure,pfe_uncollateralized,2.968750,95.04493120,exposure
exposure,pfe_uncollateralized,3.020833,96.79674277,exposure
exposure,pfe_uncollateralized,3.072917,97.30102359,exposure
exposure,pfe_uncollateralized,3.125000,97.96426498,exposure
exposure,pfe_uncollateralized,3.177083,100.36260064,exposure
exposure,pfe_uncollateralized,3.229167,101.91569350,exposure
exposure,pfe_uncollateralized,3.281250,102.62493037,exposure
exposure,pfe_uncollateralized,3.333333,104.55142601,exposure
exposure,pfe_uncollateralized,3.385417,107.10891358,exposure
exposure,pfe_uncollateralized,3.437500,107.47544686,exposure
exposure,pfe_uncollateralized,3.489583,109.08473209,exposure
exposure,pfe_uncollateralized,3.541667,110.16915038,exposure
exposure,pfe_uncollateralized,3.593750,110.72042752,exposure
exposure,pfe_uncollateralized,3.645833,112.25735891,exposure
exposure,pfe_uncollateralized,3.697917,114.40328959,exposure
exposure,pfe_uncollateralized,3.750000,115.61984795,exposure
exposure,pfe_uncollateralized,3.802083,117.12382693,exposure
exposure,pfe_uncollateralized,3.854167,119.07633988,exposure
exposure,pfe_uncollateralized,3.906250,119.49443735,exposure
exposure,pfe_uncollateralized,3.958333,121.14900327,exposure
exposure,pfe_uncollateralized,4.010417,121.89186609,exposure
exposure,pfe_uncollateralized,4.062500,123.93268536,exposure
exposure,pfe_uncollateralized,4.114583,124.58456914,exposure
exposure,pfe_uncollateralized,4.166667,124.46537739,exposure
exposure,pfe_uncollateralized,4.218750,127.22547957,exposure
exposure,pfe_uncollateralized,4.270833,128.10270550,exposure
exposure,pfe_uncollateralized,4.322917,130.23068203,exposure
exposure,pfe_uncollateralized,4.375000,131.38480284,exposure
exposure,pfe_uncollateralized,4.427083,132.87997370,exposure
exposure,pfe_uncollateralized,4.479167,133.90438823,exposure
exposure,pfe_uncollateralized,4.531250,136.83989984,exposure
exposure,pfe_uncollateralized,4.583333,136.75121857,exposure
exposure,pfe_uncollateralized,4.635417,139.17044500,exposure
exposure,pfe_uncollateralized,4.687500,140.91029630,exposure
exposure,pfe_uncollateralized,4.739583,140.93079321,exposure
exposure,pfe_uncollateralized,4.791667,141.96173310,exposure
exposure,pfe_uncollateralized,4.843750,144.23561447,exposure
exposure,pfe_uncollateralized,4.895833,144.60793844,exposure
exposure,pfe_uncollateralized,4.947917,147.19837022,exposure
exposure,pfe_uncollateralized,5.000000,148.33542842,exposure
exposure,pfe_collateralized,0.000000,0.00000000,exposure
exposure,pfe_collateralized,0.052083,8.42148442,exposure
exposure,pfe_collateralized,0.104167,10.67699815,exposure
exposure,pfe_collateralized,0.156250,11.11056986,exposure
exposure,pfe_collateralized,0.208333,11.37950643,exposure
exposure,pfe_collateralized,0.260417,11.56559598,exposure
exposure,pfe_collateralized,0.312500,11.88281506,exposure
exposure,pfe_collateralized,0.364583,11.92484557,exposure
exposure,pfe_collateralized,0.416667,11.94927297,exposure
exposure,pfe_collateralized,0.468750,12.26695568,exposure
exposure,pfe_collateralized,0.520833,12.16790862,exposure
exposure,pfe_collateralized,0.572917,12.36442315,exposure
exposure,pfe_collateralized,0.625000,12.37811318,exposure
exposure,pfe_collateralized,0.677083,12.61798788,exposure
exposure,pfe_collateralized,0.729167,12.64593107,exposure
exposure,pfe_collateralized,0.781250,12.63870018,exposure
exposure,pfe_collateralized,0.833333,12.48779972,exposure
exposure,pfe_collateralized,0.885417,12.85080358,exposure
exposure,pfe_collateralized,0.937500,12.97530310,exposure
exposure,pfe_collateralized,0.989583,12.90289078,exposure
exposure,pfe_collateralized,1.041667,13.07767197,exposure
exposure,pfe_collateralized,1.093750,13.10441789,exposure
exposure,pfe_collateralized,1.145833,13.21726404,exposure
exposure,pfe_collateralized,1.197917,13.22626591,exposure
exposure,pfe_collateralized,1.250000,13.16761447,exposure
exposure,pfe_collateralized,1.302083,13.21379891,exposure
exposure,pfe_collateralized,1.354167,13.58086912,exposure
exposure,pfe_collateralized,1.406250,13.40586678,exposure
exposure,pfe_collateralized,1.458333,13.30275428,exposure
exposure,pfe_collateralized,1.510417,13.74380346,exposure
exposure,pfe_collateralized,1.562500,13.70627197,exposure
exposure,pfe_collateralized,1.614583,13.68541947,exposure
exposure,pfe_collateralized,1.666667,13.88701564,exposure
exposure,pfe_collateralized,1.718750,14.06339924,exposure
exposure,pfe_collateralized,1.770833,13.93445487,exposure
exposure,pfe_collateralized,1.822917,14.03213044,exposure
exposure,pfe_collateralized,1.875000,13.77584145,exposure
exposure,pfe_collateralized,1.927083,13.96654271,exposure
exposure,pfe_collateralized,1.979167,14.13607558,exposure
exposure,pfe_collateralized,2.031250,14.36863672,exposure
exposure,pfe_collateralized,2.083333,13.99900813,exposure
exposure,pfe_collateralized,2.135417,14.29831401,exposure
exposure,pfe_collateralized,2.187500,14.29311908,exposure
exposure,pfe_collateralized,2.239583,14.46513779,exposure
exposure,pfe_collateralized,2.291667,14.20888165,exposure
exposure,pfe_collateralized,2.343750,14.39072651,exposure
exposure,pfe_collateralized,2.395833,14.45053494,exposure
exposure,pfe_collateralized,2.447917,14.69127767,exposure
exposure,pfe_collateralized,2.500000,14.63833246,exposure
exposure,pfe_collateralized,2.552083,15.09766441,exposure
exposure,pfe_collateralized,2.604167,14.70085682,exposure
exposure,pfe_collateralized,2.656250,15.01007500,exposure
exposure,pfe_collateralized,2.708333,14.93242575,exposure
exposure,pfe_collateralized,2.760417,14.80323718,exposure
exposure,pfe_collateralized,2.812500,15.02751066,exposure
exposure,pfe_collateralized,2.864583,14.91621569,exposure
exposure,pfe_collateralized,2.916667,15.10067808,exposure
exposure,pfe_collateralized,2.968750,14.78396078,exposure
exposure,pfe_collateralized,3.020833,15.05874697,exposure
exposure,pfe_collateralized,3.072917,14.98723837,exposure
exposure,pfe_collateralized,3.125000,15.25349823,exposure
exposure,pfe_collateralized,3.177083,15.34936943,exposure
exposure,pfe_collateralized,3.229167,15.27157736,exposure
exposure,pfe_collateralized,3.281250,15.41039746,exposure
exposure,pfe_collateralized,3.333333,15.47049637,exposure
exposure,pfe_collateralized,3.385417,15.52021906,exposure
exposure,pfe_collateralized,3.437500,15.67725701,exposure
exposure,pfe_collateralized,3.489583,15.55973805,exposure
exposure,pfe_collateralized,3.541667,15.81771110,exposure
exposure,pfe_collateralized,3.593750,15.86430982,exposure
exposure,pfe_collateralized,3.645833,15.73563608,exposure
exposure,pfe_collateralized,3.697917,15.82904651,exposure
exposure,pfe_collateralized,3.750000,15.64725503,exposure
exposure,pfe_collateralized,3.802083,16.12343260,exposure
exposure,pfe_collateralized,3.854167,16.29158765,exposure
exposure,pfe_collateralized,3.906250,15.81792485,exposure
exposure,pfe_collateralized,3.958333,15.98266429,exposure
exposure,pfe_collateralized,4.010417,16.26738671,exposure
exposure,pfe_collateralized,4.062500,16.47344599,exposure
exposure,pfe_collateralized,4.114583,16.08589788,exposure
exposure,pfe_collateralized,4.166667,16.66492030,exposure
exposure,pfe_collateralized,4.218750,16.26740933,exposure
exposure,pfe_collateralized,4.270833,16.45027589,exposure
exposure,pfe_collateralized,4.322917,16.61587638,exposure
exposure,pfe_collateralized,4.375000,16.46837397,exposure
exposure,pfe_collateralized,4.427083,16.73996373,exposure
exposure,pfe_collateralized,4.479167,16.69344006,exposure
exposure,pfe_collateralized,4.531250,16.54387033,exposure
exposure,pfe_collateralized,4.583333,16.72059651,exposure
exposure,pfe_collateralized,4.635417,16.84918038,exposure
exposure,pfe_collateralized,4.687500,16.85292682,exposure
exposure,pfe_collateralized,4.739583,16.73654432,exposure
exposure,pfe_collateralized,4.791667,16.94678889,exposure
exposure,pfe_collateralized,4.843750,16.73916291,exposure
exposure,pfe_collateralized,4.895833,17.04881891,exposure
exposure,pfe_collateralized,4.947917,17.32237740,exposure
exposure,pfe_collateralized,5.000000,17.00003979,exposure
